episode	episode_reward	mean_reward	method
0	-125.635329647556	-125.635329647556	DQN
1	-232.500682753848	-179.068006200702	DQN
2	-52.6081937693125	-136.914735390239	DQN
3	-112.029220003484	-130.69335654355	DQN
4	-224.325920888435	-149.419869412527	DQN
5	-129.280717969461	-146.063344172016	DQN
6	-316.733033307997	-170.444728334299	DQN
7	-198.469383732543	-173.947810259079	DQN
8	-52.4263475288716	-160.445425511279	DQN
9	-109.222109856172	-155.323093945768	DQN
10	-323.096015538163	-170.575177726895	DQN
11	-98.9253932857807	-164.604362356802	DQN
12	-346.400280905513	-178.588663783626	DQN
13	-403.424837479856	-194.648390476214	DQN
14	-100.986570069014	-188.404269115734	DQN
15	-99.3053142396991	-182.835584435982	DQN
16	-97.9432035735601	-177.841914973486	DQN
17	-76.9840153348144	-172.238698326893	DQN
18	-119.75451537919	-169.476372908593	DQN
19	-100.888509058228	-166.046979716075	DQN
20	-119.50206538877	-163.830555224298	DQN
21	-103.056519416474	-161.068099051215	DQN
22	-50.4086961386883	-156.256820663714	DQN
23	-98.1786996593054	-153.836898955197	DQN
24	14.9137125004123	-147.086874496973	DQN
25	-50.7162523463023	-143.380312106562	DQN
26	-102.860189193253	-141.879566813477	DQN
27	-73.5515914561919	-139.439281979288	DQN
28	-72.9037469331353	-137.144953184593	DQN
29	-138.839789829252	-137.201447739415	DQN
30	-67.2494267451285	-134.944930933148	DQN
31	-210.858160821649	-137.317219367164	DQN
32	-88.9984823272513	-135.853015214439	DQN
33	-89.6240717073076	-134.493340405406	DQN
34	-50.8362046064626	-132.103136525436	DQN
35	-62.2578368097212	-130.16298931111	DQN
36	-84.8086299895871	-128.937195815934	DQN
37	-2.30364650710169	-125.604733992017	DQN
38	-306.590954814294	-130.245406320794	DQN
39	-158.073167779393	-130.941100357259	DQN
40	-22.301800140153	-128.291361327573	DQN
41	-54.2890497274846	-126.529401527571	DQN
42	-98.0777446704636	-125.867735089034	DQN
43	-140.335543750081	-126.196548922239	DQN
44	-64.7540006482385	-124.831158960595	DQN
45	-52.0501318255143	-123.248962718528	DQN
46	-66.9213080306622	-122.050501980488	DQN
47	-57.4102157396345	-120.70382935047	DQN
48	-45.7566448581703	-119.174294973077	DQN
49	-37.7052952507362	-117.54491497863	DQN
50	-158.416153369255	-118.346311809819	DQN
51	-198.210429917711	-119.88216023497	DQN
52	-132.037295178313	-120.111502403713	DQN
53	-130.63719618752	-120.306422658968	DQN
54	-30.6658286863762	-118.676593677648	DQN
55	-55.2918901461523	-117.544723971729	DQN
56	-177.704607970735	-118.600160533115	DQN
57	-86.2901463981591	-118.043091323892	DQN
58	-37.390575284803	-116.676099526619	DQN
59	-213.684292092093	-118.292902736044	DQN
60	-62.800729754386	-117.383194982246	DQN
61	-50.036923241713	-116.296964792882	DQN
62	-14.1789699705795	-114.676044240147	DQN
63	-25.6091653672678	-113.284374257759	DQN
64	-84.6441786966726	-112.843755864511	DQN
65	-72.8709838787764	-112.238107804121	DQN
66	-77.2467110298525	-111.715848150774	DQN
67	-87.6737629913428	-111.3622880749	DQN
68	-290.813190842641	-113.963025796172	DQN
69	-99.469636065998	-113.755977371455	DQN
70	-89.0910394163666	-113.40858387913	DQN
71	-74.7017232714338	-112.870988592912	DQN
72	-20.2972678357461	-111.602855431855	DQN
73	-66.2439525139861	-110.989897284316	DQN
74	-40.2198109902219	-110.046296133728	DQN
75	-88.5841200026953	-109.763899079372	DQN
76	-63.8423887443433	-109.167515828268	DQN
77	-30.3953963103466	-108.157616860089	DQN
78	-16.7745382207165	-107.000869029211	DQN
79	-57.7154940818591	-106.384801842369	DQN
80	-73.9188952047791	-105.983988180177	DQN
81	-26.6533697425512	-105.016541613864	DQN
82	-86.1403193608197	-104.78911724937	DQN
83	-20.7634003124219	-103.788811095359	DQN
84	-76.5677814245876	-103.468563687467	DQN
85	-2.47477295021783	-102.294217283546	DQN
86	-23.5658120353424	-101.389293085291	DQN
87	-56.7693170004814	-100.882247902509	DQN
88	-78.6254071888425	-100.632171040557	DQN
89	-28.3297739409401	-99.8288110727838	DQN
90	-17.3099663182047	-98.9220105809752	DQN
91	-102.583461947609	-98.9618089653952	DQN
92	-83.2419493215497	-98.7927782165366	DQN
93	-27.00303726523	-98.0290575681184	DQN
94	-41.4577065653663	-97.4335696628263	DQN
95	-24.279892111348	-96.6715521883317	DQN
96	-7.73790087185569	-95.7547104221825	DQN
97	102.209834388706	-93.7346640465612	DQN
98	-63.8549380642979	-93.4328486325989	DQN
99	-38.239011724346	-92.8809102635164	DQN
100	-11.0072414418251	-91.7346293814591	DQN
101	-60.1664834668678	-90.0112873885893	DQN
102	-106.34783412674	-90.5486837921636	DQN
103	-69.9292538529435	-90.1276841306582	DQN
104	11.2448358080877	-87.7719765636929	DQN
105	-46.2262563991719	-86.9414319479901	DQN
106	-24.4080312229414	-84.0181819271395	DQN
107	-78.9488776934352	-82.8229768667484	DQN
108	-6.21303673201076	-82.3608437587798	DQN
109	-75.1223555623147	-82.0198462158412	DQN
110	-24.8020957307076	-79.0369070177667	DQN
111	-65.0443529215186	-78.698096614124	DQN
112	-47.5341065411153	-75.7094348704801	DQN
113	-67.8400502223452	-72.353586997905	DQN
114	-67.065164016174	-72.0143729373766	DQN
115	-10.1491418518906	-71.1228112134985	DQN
116	-159.938619302145	-71.7427653707843	DQN
117	-59.9534521484214	-71.5724597389204	DQN
118	-4.45727840680277	-70.4194873691966	DQN
119	-284.279326850126	-72.2533955471155	DQN
120	-180.324681102219	-72.86162170425	DQN
121	-157.600546279488	-73.4070619728802	DQN
122	27.629066085826	-72.626684350635	DQN
123	-43.8998910063111	-72.0838962641051	DQN
124	-21.59555294925	-72.4489889186017	DQN
125	-68.6307553734499	-72.6281339488732	DQN
126	41.8089104946748	-71.1814429519939	DQN
127	-60.4282526005567	-71.0502095634375	DQN
128	-196.052250953704	-72.2816946036432	DQN
129	-79.6516360180358	-71.689813065531	DQN
130	32.9743221661501	-70.6875755764183	DQN
131	7.45195726099267	-68.5044743955918	DQN
132	-29.1371303530625	-67.90586087585	DQN
133	-4.5500946221005	-67.0551211049979	DQN
134	18.6755468565658	-66.3600035903676	DQN
135	8.41255323480111	-65.6532996899224	DQN
136	-3.33161641186776	-64.8385295541452	DQN
137	-69.0292780625223	-65.5057858696994	DQN
138	-13.6289273267474	-62.5761655948239	DQN
139	-26.9942348362925	-61.2653762653929	DQN
140	21.1183222797142	-60.8311750411943	DQN
141	-93.2247709898579	-61.220532253818	DQN
142	-50.5119610611747	-60.7448744177251	DQN
143	-46.9772944903365	-59.8112919251276	DQN
144	74.734813095062	-58.4164037876946	DQN
145	-53.9578530672002	-58.4354810001115	DQN
146	31.7241030316069	-57.4490268894888	DQN
147	-59.2981528245537	-57.467906260338	DQN
148	-37.0386294874708	-57.380726106631	DQN
149	-46.6247245206222	-57.4699203993299	DQN
150	-251.636574121418	-58.4021246068515	DQN
151	21.1293461364745	-56.2087268463096	DQN
152	133.10039947714	-53.5573498997551	DQN
153	2.71015469441866	-52.2238763909357	DQN
154	-1.13101178945811	-51.9285282219665	DQN
155	-0.14263328686701	-51.3770356533737	DQN
156	-183.19309257567	-51.431920499423	DQN
157	149.342145224627	-49.0755975831952	DQN
158	-96.8447877333359	-49.6701397076805	DQN
159	-125.084968191151	-48.7841464686711	DQN
160	-83.2587410715459	-48.9887265818427	DQN
161	-67.9561751242819	-49.1679191006684	DQN
162	-7.61167309126293	-49.1022461318752	DQN
163	-42.7332996789057	-49.2734874749916	DQN
164	-110.625450211104	-49.5333001901359	DQN
165	25.2007503341642	-48.5525828480065	DQN
166	-137.603150837938	-49.1561472460874	DQN
167	10.9588519661603	-48.1698210965123	DQN
168	-103.560627181776	-46.2972954599037	DQN
169	-158.301702128474	-46.8856161205284	DQN
170	-101.115960734716	-47.0058653337119	DQN
171	-6.30945372015603	-46.3219426381992	DQN
172	-37.7861875604626	-46.4968318354463	DQN
173	-30.8811833586853	-46.1432041438933	DQN
174	-0.817548898756982	-45.7491815229787	DQN
175	-114.524882722127	-46.008589150173	DQN
176	-85.1444453177269	-46.2216097159068	DQN
177	-45.2781049803367	-46.3704368026067	DQN
178	-249.831704156183	-48.7010084619614	DQN
179	-9.25141079367555	-48.2163676290795	DQN
180	8.18967684350825	-47.3952819085967	DQN
181	45.4692823212798	-46.6740553879584	DQN
182	-249.392833394566	-48.3065805282958	DQN
183	-53.0222823942648	-48.6291693491142	DQN
184	-71.9021548149643	-48.582513083018	DQN
185	-77.9184152533661	-49.3369495060495	DQN
186	-92.3632122952196	-50.0249235086483	DQN
187	-58.9520051719302	-50.0467503903627	DQN
188	-54.3327701680788	-49.8038240201551	DQN
189	-33.3385718350464	-49.8539119990962	DQN
190	-66.128736322698	-50.3420996991411	DQN
191	-82.7216612379836	-50.1434816920449	DQN
192	-10.9265127503971	-49.4203273263333	DQN
193	-102.006959342682	-50.1703665471079	DQN
194	-129.109560998069	-51.0468850914349	DQN
195	13.5343262338193	-50.6687429079832	DQN
196	-101.337946347087	-51.6047433627355	DQN
197	-51.5625213529732	-53.1424669201523	DQN
198	-60.0263605311253	-53.1041811448206	DQN
199	13.9621785360819	-52.5821692422163	DQN
200	-75.1831256812983	-53.223928084611	DQN
201	-74.6547448384592	-53.368810698327	DQN
202	4.45529780528391	-52.2607793790067	DQN
203	-195.346814814604	-53.5149549886233	DQN
204	-75.5869314550532	-54.3832726612547	DQN
205	-104.107538514376	-54.9620854824068	DQN
206	-19.7539534475321	-54.9155447046527	DQN
207	-126.683342152186	-55.3928893492402	DQN
208	-15.6667103876523	-55.4874260857966	DQN
209	-85.6772662740517	-55.592975192914	DQN
210	-8.32271240134793	-55.4281813596204	DQN
211	-135.449524869579	-56.132233079101	DQN
212	-157.425550749782	-57.2311475211877	DQN
213	-79.3994433277566	-57.3467414522418	DQN
214	-227.486816329463	-58.9509579753747	DQN
215	-52.7667608676172	-59.3771341655319	DQN
216	-35.7382570235765	-58.1351305427462	DQN
217	-99.3220203954626	-58.5288162252166	DQN
218	-33.3559626717945	-58.8178030678666	DQN
219	-212.752226419449	-58.1025320635598	DQN
220	-53.9133553294473	-56.8384188058321	DQN
221	-210.50216714085	-57.3674350144457	DQN
222	-31.0426657647215	-57.9541523329512	DQN
223	-77.2274131657563	-58.2874275545456	DQN
224	-88.8362986607984	-58.9598350116611	DQN
225	-85.0901776264184	-59.1244292341908	DQN
226	-60.8777820945246	-60.1512961600828	DQN
227	-20.1638521306159	-59.7486521553834	DQN
228	-93.8845377967988	-58.7269750238143	DQN
229	-103.301399753924	-58.9634726611732	DQN
230	-61.5379252429538	-59.9085951352643	DQN
231	-35.0309236808287	-60.3334239446825	DQN
232	-43.0531580169834	-60.4725842213217	DQN
233	-44.4052219077228	-60.8711354941779	DQN
234	-88.6823553223928	-61.9447145159675	DQN
235	-40.911564085435	-62.4379556891699	DQN
236	-182.780672453841	-64.2324462495896	DQN
237	-92.1030624615771	-64.4631840935801	DQN
238	-67.0328086619021	-64.9972229069317	DQN
239	-78.8359501691628	-65.5156400602604	DQN
240	-55.9903155181806	-66.2867264382393	DQN
241	-108.983411474261	-66.4443128430834	DQN
242	-67.9718545033952	-66.6189117775056	DQN
243	-78.5144315763405	-66.9342831483656	DQN
244	-87.370917549064	-68.5553404548069	DQN
245	-99.8064565515291	-69.0138264896501	DQN
246	-82.1566613072723	-70.1526341330389	DQN
247	-64.2402499983124	-70.2020551047765	DQN
248	-81.1897803244027	-70.6435666131459	DQN
249	-100.92088000702	-71.1865281680098	DQN
250	-50.0492807450293	-69.1706552342459	DQN
251	-57.534273697956	-69.9572914325902	DQN
252	-98.3328470680475	-72.2716238980421	DQN
253	-38.8842973516716	-72.687568418503	DQN
254	-101.587444668772	-73.6921327472961	DQN
255	-77.4065963291208	-74.4647723777187	DQN
256	-71.6061305022267	-73.3489027569843	DQN
257	-32.7286858953465	-75.169611068184	DQN
258	-78.5882303014683	-74.9870454938653	DQN
259	-168.60313742593	-75.4222271862131	DQN
260	-54.1268923647245	-75.1309086991449	DQN
261	-57.3476728356296	-75.0248236762584	DQN
262	-56.0832381343108	-75.5095393266889	DQN
263	-57.141981801047	-75.6536261479103	DQN
264	-67.4114551897202	-75.2214861976964	DQN
265	-44.0732336989767	-75.9142260380278	DQN
266	-91.4113050303208	-75.4523075799517	DQN
267	-111.439127612558	-76.6762873757389	DQN
268	-69.7588013050361	-76.3382691169714	DQN
269	-107.783585108289	-75.8330879467696	DQN
270	-85.2158331387252	-75.6740866708097	DQN
271	-22.2149782765019	-75.8331419163731	DQN
272	-38.2695458364399	-75.8379754991329	DQN
273	-77.0649231965537	-76.2998128975116	DQN
274	-13.1060860693636	-76.4226982692177	DQN
275	-78.103681441026	-76.0584862564067	DQN
276	-107.031526497082	-76.2773570682002	DQN
277	-43.7780981924337	-76.2623570003212	DQN
278	-94.5550713774377	-74.7095906725337	DQN
279	-89.7844103738318	-75.5149206683353	DQN
280	-51.3706973254121	-76.1105244100245	DQN
281	-39.3466283577152	-76.9586835168145	DQN
282	-86.9727580194881	-75.3344827630637	DQN
283	-79.4555962173522	-75.5988159012945	DQN
284	-66.0580639318575	-75.5403749924635	DQN
285	-90.8548801742518	-75.6697396416723	DQN
286	-61.4135588433775	-75.3602431071539	DQN
287	-43.3601967081277	-75.2043250225159	DQN
288	-54.1910216215457	-75.2029075370506	DQN
289	-39.1307471901405	-75.2608292906015	DQN
290	-107.312475146222	-75.6726666788367	DQN
291	-83.712974440196	-75.6825798108589	DQN
292	-103.961488468048	-76.6129295680354	DQN
293	-54.2608711221221	-76.1354686858298	DQN
294	-62.3023601978171	-75.4673966778273	DQN
295	-60.0799318585357	-76.2035392587508	DQN
296	-107.56029286318	-76.2657627239117	DQN
297	-74.0681030545559	-76.4908185409276	DQN
298	-14.7109966128907	-76.0376649017452	DQN
299	-37.0945445047426	-76.5482321321535	DQN
300	-59.9138438084293	-76.3955393134248	DQN
301	-77.1020117193994	-76.4200119822342	DQN
302	-74.2612541787134	-77.2071775020741	DQN
303	-75.3553922035886	-76.007263275964	DQN
304	-84.7984953923487	-76.0993789153369	DQN
305	-59.5697081024358	-75.6540006112175	DQN
306	-95.6707486232161	-76.4131685629744	DQN
307	-44.0703694073023	-75.5870388355255	DQN
308	-74.1209089035829	-76.1715808206848	DQN
309	-55.8007442098248	-75.8728156000426	DQN
310	-102.034158606364	-76.8099300620928	DQN
311	-29.4441801644883	-75.7498766150418	DQN
312	-75.187779025005	-74.9274988977941	DQN
313	-16.7280397712414	-74.3007848622289	DQN
314	-75.7759528051268	-72.7836762269855	DQN
315	-52.7850491987658	-72.783859110297	DQN
316	-60.6368589720567	-73.0328451297818	DQN
317	-73.0977624468248	-72.7706025502955	DQN
318	-56.0010044888654	-72.9970529684662	DQN
319	-43.4663574343944	-71.3041942786156	DQN
320	-52.0547706766222	-71.2856084320873	DQN
321	-86.2656521416134	-70.043243282095	DQN
322	-65.9970900753425	-70.3927875252012	DQN
323	-80.337346451989	-70.4238868580635	DQN
324	-62.9293299953689	-70.1648171714092	DQN
325	-74.968135659704	-70.0635967517421	DQN
326	-38.1717279433741	-69.8365362102306	DQN
327	2.71973196816221	-69.6077003692428	DQN
328	-44.8379056378074	-69.1172340476529	DQN
329	-84.1242104858922	-68.9254621549726	DQN
330	-18.4033885454591	-68.4941167879976	DQN
331	-28.5872689173221	-68.4296802403626	DQN
332	-48.4992839938262	-68.484141500131	DQN
333	-25.6927049900322	-68.2970163309541	DQN
334	-82.9852280998026	-68.2400450587282	DQN
335	-60.8688975446129	-68.43961839332	DQN
336	-67.5847372166955	-67.2876590409485	DQN
337	-31.6558206546385	-66.6831866228791	DQN
338	-48.1479881858044	-66.4943384181182	DQN
339	-81.2070583828792	-66.5180495002553	DQN
340	-52.3546436421482	-66.481692781495	DQN
341	-58.0207172471994	-65.9720658392244	DQN
342	-55.5357549848453	-65.8477048440389	DQN
343	-94.4956422634632	-66.0075169509101	DQN
344	-157.449483750623	-66.7083026129257	DQN
345	-91.2419527674594	-66.622657575085	DQN
346	-131.845493676288	-67.1195458987751	DQN
347	-28.781831858809	-66.7649617173801	DQN
348	-79.1940023151902	-66.745003937288	DQN
349	-135.908997111277	-67.0948851083306	DQN
350	-57.9802423864227	-67.1741947247445	DQN
351	-33.9430789596839	-66.9382827773618	DQN
352	-91.7485574787638	-66.8724398814689	DQN
353	-132.070650434931	-67.8043034123015	DQN
354	-54.7976855849263	-67.3364058214631	DQN
355	-121.852762925643	-67.7808674874283	DQN
356	-111.852222113634	-68.1833284035424	DQN
357	-169.968160786841	-69.5557231524573	DQN
358	-141.51044751135	-70.1849453245561	DQN
359	-137.07161963492	-69.869630146646	DQN
360	-88.4666809989233	-70.213028032988	DQN
361	-29.3590808651193	-69.9331421132829	DQN
362	-162.074639619458	-70.9930561281344	DQN
363	-111.415354266942	-71.5357898527933	DQN
364	-124.762331194842	-72.1092986128446	DQN
365	-97.5508863238255	-72.644075139093	DQN
366	-179.355407646151	-73.5235161652513	DQN
367	-101.995042496843	-73.4290753140942	DQN
368	-145.442648198753	-74.1859137830314	DQN
369	-148.525887149267	-74.5933368034411	DQN
370	-8.95101685988834	-73.8306886406528	DQN
371	-34.398399483985	-73.9525228527276	DQN
372	-39.0827750902958	-73.9606551452662	DQN
373	-69.061143987058	-73.8806173531712	DQN
374	-8.67589789254567	-73.836315471403	DQN
375	-47.934355579015	-73.5346222127829	DQN
376	-21.1292193233347	-72.6755991410454	DQN
377	-94.1483340629006	-73.1793014997501	DQN
378	-135.768018735716	-73.5914309733329	DQN
379	-255.583822926726	-75.2494250988618	DQN
380	-142.133647259224	-76.1570545982	DQN
381	-97.0653688186802	-76.7342420028096	DQN
382	-85.3452983711729	-76.7179674063265	DQN
383	-37.5993057332742	-76.2994045014857	DQN
384	-71.8102372666296	-76.3569262348334	DQN
385	-117.114781743046	-76.6195252505213	DQN
386	-41.9569058563756	-76.4249587206513	DQN
387	-104.043429594295	-77.031791049513	DQN
388	-108.370926234895	-77.5735900956465	DQN
389	-62.2722508688316	-77.8050051324334	DQN
390	-113.997045912671	-77.8718508400979	DQN
391	-40.6116586060073	-77.440837681756	DQN
392	-9.45700665001285	-76.4957928635756	DQN
393	-55.1222764210692	-76.5044069165651	DQN
394	-87.055851377299	-76.7519418283599	DQN
395	-43.9930729393387	-76.591073239168	DQN
396	-76.2954186102017	-76.2784244966382	DQN
397	-32.7867436955501	-75.8656109030481	DQN
398	-62.0578548614296	-76.3390794855335	DQN
399	-86.6150523260673	-76.8342845637468	DQN
400	-59.3393987567995	-76.8285401132305	DQN
401	-65.2289760500161	-76.7098097565366	DQN
402	-106.207311441969	-77.0292703291692	DQN
403	-48.914654977884	-76.7648629569122	DQN
404	-22.1143784479134	-76.1380217874678	DQN
405	-40.650869973129	-75.9488334061747	DQN
406	-56.9376400100434	-75.561502320043	DQN
407	-38.6931474913701	-75.5077301008837	DQN
408	-92.4734134618693	-75.6912551464666	DQN
409	-73.2581261359904	-75.8658289657282	DQN
410	-39.4185908045819	-75.2396732877104	DQN
411	-35.1333500200036	-75.2965649862655	DQN
412	-108.520180709342	-75.6298890031089	DQN
413	-119.892906870907	-76.6615376741055	DQN
414	-92.7620254693016	-76.8313984007473	DQN
415	-104.747523208332	-77.351023140843	DQN
416	-75.0780556920187	-77.4954351080426	DQN
417	-40.3919223374067	-77.1683767069484	DQN
418	-67.8884195044216	-77.287250857104	DQN
419	-11.1175808939897	-76.9637630916999	DQN
420	-50.822785096536	-76.9514432358991	DQN
421	-27.7690991505513	-76.3664777059884	DQN
422	-151.673596200334	-77.2232427672383	DQN
423	-46.3364973770736	-76.8832342764892	DQN
424	-65.7914643858573	-76.9118556203941	DQN
425	-21.7696129533146	-76.3798703933302	DQN
426	-44.621628833374	-76.4443694022302	DQN
427	-25.310059032941	-76.7246673122412	DQN
428	-29.0036446031388	-76.5663247018945	DQN
429	-25.8023909686412	-75.983106506722	DQN
430	-46.678831482195	-76.2658609360894	DQN
431	-8.847638565995	-76.0684646325761	DQN
432	-0.705890556687756	-75.5905306982047	DQN
433	-9.45598053423032	-75.4281634536467	DQN
434	-73.8489889293655	-75.3368010619423	DQN
435	-18.4575248273677	-74.9126873347699	DQN
436	-42.8238958148422	-74.6650789207513	DQN
437	-44.4038293024293	-74.7925590072292	DQN
438	-25.5166259966834	-74.5662453853381	DQN
439	-14.8982331446209	-73.9031571329555	DQN
440	-14.2927234845708	-73.5225379313797	DQN
441	-9.06770373868468	-73.0330077962945	DQN
442	-61.0588429742373	-73.0882386761885	DQN
443	10.8270727282842	-72.035011526271	DQN
444	-35.5044470028648	-70.8155611587934	DQN
445	-39.5707930511498	-70.2988495616303	DQN
446	-38.5796221903372	-69.3661908467708	DQN
447	1.68616791842766	-69.0615108489984	DQN
448	-61.3174232827655	-68.8827450586742	DQN
449	-55.1257821812978	-68.0749129093744	DQN
450	-26.140866316561	-67.7565191486758	DQN
451	-31.1988346468875	-67.7290767055478	DQN
452	-55.0066573277494	-67.3616577040377	DQN
453	-42.685953867002	-66.4678107383584	DQN
454	-41.9045026418397	-66.3388789089275	DQN
455	-49.0986465936562	-65.6113377456077	DQN
456	-4.91603716523172	-64.5419758961236	DQN
457	-59.1028792679228	-63.4333230809344	DQN
458	-6.52523097154434	-62.0834709155364	DQN
459	-24.5538987820298	-60.9582937070075	DQN
460	-14.5365017511036	-60.2189919145293	DQN
461	-47.9204811833892	-60.404605917712	DQN
462	-55.8160295089249	-59.3420198166067	DQN
463	-18.7243381143059	-58.4151096550803	DQN
464	-40.9312863175568	-57.5767992063074	DQN
465	-37.8031045785726	-56.9793213888549	DQN
466	-53.3415886337187	-55.7191831987306	DQN
467	-79.1823748755347	-55.4910565225175	DQN
468	-18.6922486721602	-54.2235525272516	DQN
469	-63.7627112107779	-53.3759207678667	DQN
470	-38.040449662134	-53.6668150958892	DQN
471	-12.7682792609632	-53.4505138936589	DQN
472	1.6501752140992	-53.043184390615	DQN
473	-92.5224292619749	-53.2777972433641	DQN
474	-18.0568130402229	-53.3716063948409	DQN
475	-22.0713040707553	-53.1129758797583	DQN
476	2.29141585583723	-52.8787695279666	DQN
477	-32.0845211168076	-52.2581313985057	DQN
478	-14.8099212799552	-51.0485504239481	DQN
479	-66.8046149671192	-49.160758344352	DQN
480	-12.2893129890096	-47.8623150016499	DQN
481	-46.7514030742554	-47.3591753442056	DQN
482	-18.8491587721301	-46.6942139482152	DQN
483	-70.8072662912154	-47.0262935537946	DQN
484	-29.6173008060265	-46.6043641891886	DQN
485	-70.3537398155679	-46.1367537699138	DQN
486	-28.0537832405315	-45.9977225437553	DQN
487	-33.9720533952455	-45.2970087817649	DQN
488	-11.8698126044	-44.3319976454599	DQN
489	-71.7977519344057	-44.4272526561157	DQN
490	-26.9381564784589	-43.5566637617735	DQN
491	-11.8397308144541	-43.268944483858	DQN
492	-20.6916820578522	-43.3812912379364	DQN
493	-10.3575972907634	-42.9336444466333	DQN
494	-24.0865695044742	-42.3039516279051	DQN
495	-62.9900101980428	-42.4939210004921	DQN
496	-32.7246925622942	-42.058213740013	DQN
497	-9.39901571841205	-41.8243364602416	DQN
498	-72.7452720167856	-41.9312106317952	DQN
499	-82.0727140707127	-41.8857872492417	DQN
500	-35.9337465701716	-41.6517307273754	DQN
501	-66.9743277411729	-41.669184244287	DQN
502	-44.0328719180435	-41.0474398490477	DQN
503	-4.38080420742659	-40.6021013413431	DQN
504	-25.2165477031972	-40.633123033896	DQN
505	-58.814771278502	-40.8147620469497	DQN
506	-8.39746607702663	-40.3293603076195	DQN
507	0.178954815257576	-39.9406392845533	DQN
508	-50.3901144419577	-39.5198062943541	DQN
509	-6.07242084922228	-38.8479492414865	DQN
510	-74.0982075130257	-39.1947454085709	DQN
511	-24.1341759776003	-39.0847536681469	DQN
512	-46.2949408817619	-38.4625012698711	DQN
513	-25.1290149240205	-37.5148623504022	DQN
514	-43.4342378159158	-37.0215844738683	DQN
515	-10.2487974238992	-36.076597216024	DQN
516	-28.6218716045905	-35.6120353751497	DQN
517	-13.2662522803278	-35.3407786745789	DQN
518	-4.70428842255244	-34.7089373637602	DQN
519	-16.384087279826	-34.7616024276186	DQN
520	-22.1771648810279	-34.4751462254635	DQN
521	-61.8915778200935	-34.8163710121589	DQN
522	5.19087003368658	-33.2477263498187	DQN
523	-28.122854632781	-33.0655899223758	DQN
524	8.64734932883466	-32.3212017852289	DQN
525	-25.6571708989884	-32.3600773646856	DQN
526	-55.0101780211999	-32.4639628565639	DQN
527	-37.0008785307806	-32.5808710515423	DQN
528	-38.7407190999303	-32.6782417965102	DQN
529	-29.6621670833557	-32.7168395576573	DQN
530	-34.5330057492883	-32.5953813003283	DQN
531	-21.6229271429762	-32.7231341860981	DQN
532	-44.5340368733779	-33.161415649265	DQN
533	6.8925076779277	-32.9979307671434	DQN
534	28.9900840344444	-31.9695400375053	DQN
535	-3.89841211783701	-31.82394891041	DQN
536	-9.46839344292818	-31.4903938866909	DQN
537	-41.8640976195857	-31.4649965698624	DQN
538	-3.39157288214643	-31.2437460387171	DQN
539	-27.5957416103884	-31.3707211233747	DQN
540	-22.3887498463064	-31.4516813869921	DQN
541	-44.3215322006585	-31.8042196716118	DQN
542	-5.83034634831619	-31.2519347053526	DQN
543	-40.7802503747283	-31.7680079363827	DQN
544	-26.967791529634	-31.6826413816504	DQN
545	-24.9651891654566	-31.5365853427935	DQN
546	-35.4295463993401	-31.5050845848835	DQN
547	3.29591712542005	-31.4889870928136	DQN
548	-16.3637461732402	-31.0394503217183	DQN
549	-28.5177943498032	-30.7733704434034	DQN
550	1.98201676169343	-30.4921416126209	DQN
551	-3.40330878573452	-30.2141863540093	DQN
552	-67.9728987323383	-30.3438487680552	DQN
553	-82.5761295492215	-30.7427505248774	DQN
554	-31.2073832777433	-30.6357793312365	DQN
555	-24.1326770646644	-30.3861196359465	DQN
556	-23.6422524011178	-30.5733817883054	DQN
557	-58.9437249869513	-30.5717902454957	DQN
558	-25.4806625476551	-30.7613445612568	DQN
559	-23.2631867975181	-30.7484374414117	DQN
560	-13.7177848175909	-30.7402502720765	DQN
561	-51.2453987785177	-30.7734994480278	DQN
562	-27.765320137718	-30.4929923543158	DQN
563	-21.3842379867852	-30.5195913530406	DQN
564	-0.177856850583846	-30.1120570583708	DQN
565	-2.15305815513972	-29.7555565941365	DQN
566	-100.959047596481	-30.2317311837641	DQN
567	-27.2260406507704	-29.7121678415165	DQN
568	-45.4612045632898	-29.9798574004278	DQN
569	-14.9452517961923	-29.4916828062819	DQN
570	-11.675422134051	-29.2280325310011	DQN
571	-14.5800761725022	-29.2461505001165	DQN
572	-25.1176930411274	-29.5138291826687	DQN
573	-12.3678427679371	-28.7122833177284	DQN
574	-2.77188049495407	-28.5594339922757	DQN
575	-78.8502617409414	-29.1272235689775	DQN
576	-19.4331392820414	-29.3444691203563	DQN
577	-33.0567663821208	-29.3541915730095	DQN
578	-15.7858161960106	-29.36395052217	DQN
579	-45.2593635171221	-29.14849800767	DQN
580	-73.5013187139053	-29.760618064919	DQN
581	6.2838591838631	-29.2302654423378	DQN
582	-46.1879229115026	-29.5036530837315	DQN
583	-22.403573804509	-29.0196161588645	DQN
584	-43.8922021982487	-29.1623651727867	DQN
585	-26.4849506468666	-28.7236772810997	DQN
586	-13.2152857479765	-28.5752923061741	DQN
587	13.8621970465221	-28.0969498017565	DQN
588	-39.760003664637	-28.3758517123588	DQN
589	21.7443937213667	-27.4404302558011	DQN
590	-20.0822273889373	-27.3718709649059	DQN
591	16.5709186306703	-27.0877644704546	DQN
592	-62.9792675675305	-27.5106403255514	DQN
593	-0.478955070194608	-27.4118539033457	DQN
594	-26.7744790690113	-27.4387329989911	DQN
595	-15.5873637629939	-26.9647065346406	DQN
596	-4.91524324146062	-26.6866120414323	DQN
597	-44.0950530929266	-27.0335724151774	DQN
598	-29.3997189824137	-26.6001168848337	DQN
599	-9.55229897288844	-25.8749127338555	DQN
600	-45.6689931158227	-25.972265199312	DQN
601	-27.7747398567638	-25.5802693204679	DQN
602	-49.4526518971066	-25.6344671202585	DQN
603	-65.8345334626233	-26.2490044128105	DQN
604	-21.0619045945831	-26.2074579817243	DQN
605	4.18303012205625	-25.5774799677188	DQN
606	-28.3215387795366	-25.7767206947439	DQN
607	-43.1078253882788	-26.2095884967792	DQN
608	-17.883581359686	-25.8845231659565	DQN
609	-20.5172138591775	-26.0289710960561	DQN
610	-47.6056059524126	-25.7640450804499	DQN
611	-36.5260169417986	-25.8879634900919	DQN
612	-41.3837612161902	-25.8388516934362	DQN
613	-2.96163833887498	-25.6171779275847	DQN
614	-56.0820410392436	-25.743655959818	DQN
615	-51.5389890292087	-26.1565578758711	DQN
616	-307.459355408134	-28.9449327139065	DQN
617	-8.13359682019069	-28.8936061593052	DQN
618	21.4957911045289	-28.6316053640343	DQN
619	14.1381558767869	-28.3263829324682	DQN
620	-40.8532320249426	-28.5131436039074	DQN
621	-31.8970949797243	-28.2131987755037	DQN
622	-58.4150192014853	-28.8492576678554	DQN
623	-42.554065632371	-28.9935697778513	DQN
624	-85.4597292015628	-29.9346405631553	DQN
625	-15.4225046319304	-29.8322939004847	DQN
626	-194.982683831254	-31.2320189585852	DQN
627	-61.1072639176828	-31.4730828124543	DQN
628	-99.5089852373556	-32.0807654738285	DQN
629	-51.3556454136693	-32.2977002571316	DQN
630	-41.3268040779529	-32.3656382404183	DQN
631	-18.0352347400799	-32.3297613163893	DQN
632	-33.9158697370589	-32.2235796450261	DQN
633	23.726161202197	-32.0552431097834	DQN
634	-25.0219817147101	-32.595363767275	DQN
635	-145.896624221168	-34.0153458883083	DQN
636	-229.047547248486	-36.2111374263639	DQN
637	-27.2505762719936	-36.065002212888	DQN
638	-61.2313801746898	-36.6434002858134	DQN
639	-38.7267402171803	-36.7547102718813	DQN
640	13.2524556157736	-36.3982982172605	DQN
641	-31.6211906793371	-36.2712948020473	DQN
642	-34.2733764987067	-36.5557251035512	DQN
643	-28.4299997472844	-36.4322225972768	DQN
644	-24.2749990306604	-36.405294672287	DQN
645	-56.6508914263277	-36.7221516948957	DQN
646	-1.33258012729916	-36.3811820321753	DQN
647	-26.8058420355463	-36.682199623785	DQN
648	-20.6423821867575	-36.7249859839202	DQN
649	-59.7624887523226	-37.0374329279454	DQN
650	-7.64858623948653	-37.1337389579572	DQN
651	6.25532811174517	-37.0371525889824	DQN
652	-43.2615662468289	-36.7900392641273	DQN
653	-7.25864993669666	-36.036864468002	DQN
654	-40.2308801624853	-36.1270994368494	DQN
655	-53.7861868710025	-36.4236345349128	DQN
656	-32.865648709415	-36.5158684979958	DQN
657	8.50534100588862	-35.8413778380674	DQN
658	-37.9892173467986	-35.9664633860588	DQN
659	-31.9202014919814	-36.0530335330035	DQN
660	-20.0581906800365	-36.1164375916279	DQN
661	-61.6927312931855	-36.2209109167746	DQN
662	-94.741770345787	-36.8906754188553	DQN
663	-9.10682887213605	-36.7679013277088	DQN
664	-74.2053981045922	-37.5081767402489	DQN
665	-52.0096083796263	-38.0067422424937	DQN
666	-55.6133512267579	-37.5532852787965	DQN
667	-18.4142561624934	-37.4651674339138	DQN
668	-1.05115991443155	-37.0210669874252	DQN
669	-59.0624239467764	-37.462238708931	DQN
670	-27.0488287934975	-37.6159727755255	DQN
671	-297.844977921815	-40.4486217930186	DQN
672	-28.713683434677	-40.4845816969541	DQN
673	-30.5358117489323	-40.6662613867641	DQN
674	-9.50744510365663	-40.7336170328511	DQN
675	-50.6530571644692	-40.4516449870864	DQN
676	-89.416414265488	-41.1514777369208	DQN
677	-70.3771972247004	-41.5246820453466	DQN
678	-35.3646147649068	-41.7204700310356	DQN
679	-44.2193316355122	-41.7100697122195	DQN
680	-55.0044761019124	-41.5251012860996	DQN
681	-16.1440694868787	-41.749380572807	DQN
682	-102.524769557841	-42.3127490392704	DQN
683	-34.1232906544425	-42.4299462077697	DQN
684	-189.277889306926	-43.8838030788565	DQN
685	-6.07036661960804	-43.6796572385839	DQN
686	-2.058414408582	-43.5680885251899	DQN
687	-89.506781116443	-44.6017783068196	DQN
688	-53.9022271991497	-44.7432005421647	DQN
689	-314.589488046475	-48.1065393598431	DQN
690	-92.1799922271311	-48.8275170082251	DQN
691	-72.3088227248161	-49.7163144217799	DQN
692	-141.497175049579	-50.5014934966004	DQN
693	-74.9528186164442	-51.2462321320629	DQN
694	-186.907374908225	-52.8475610904551	DQN
695	-65.7562763849874	-53.349250216675	DQN
696	-34.3031739745959	-53.6431295240063	DQN
697	23.0744908799244	-52.9714340842778	DQN
698	-1.95042045991589	-52.6969410990529	DQN
699	-76.2451958761843	-53.3638700680858	DQN
700	-32.7494634607396	-53.234674771535	DQN
701	-100.932100139467	-53.966248374362	DQN
702	-101.493626410241	-54.4866581194933	DQN
703	-221.394931463881	-56.0422620995059	DQN
704	-54.4261449210719	-56.3759045027708	DQN
705	-65.6389858459332	-57.0741246624507	DQN
706	-139.389008662341	-58.1847993612788	DQN
707	-97.4854355188321	-58.7285754625843	DQN
708	-221.148261453073	-60.7612222635182	DQN
709	-48.7482392010475	-61.0435325169369	DQN
710	-29.4473614456283	-60.861950071869	DQN
711	-54.5200960795078	-61.0418908632461	DQN
712	-64.2496238656459	-61.2705494897407	DQN
713	-63.8575188653588	-61.8795082950055	DQN
714	-221.930778218904	-63.5379956668021	DQN
715	-63.8639652049306	-63.6612454285593	DQN
716	-140.069468814924	-61.9873465626272	DQN
717	-27.7499195299405	-62.1835097897247	DQN
718	-26.4710980682116	-62.6631786814521	DQN
719	-55.1079514322827	-63.3556397545428	DQN
720	9.26028245621558	-62.8545046097312	DQN
721	-118.215130435328	-63.7176849642873	DQN
722	-86.3506226594105	-63.9970409988665	DQN
723	-80.009702125177	-64.3715973637946	DQN
724	-109.528494678472	-64.6122850185637	DQN
725	-41.9710894169402	-64.8777708664138	DQN
726	-119.881371852781	-64.126757746629	DQN
727	-64.6952951559602	-64.1626380590118	DQN
728	-92.6485361799686	-64.094033568438	DQN
729	-37.2811211030886	-63.9532883253321	DQN
730	-92.5717843978823	-64.4657381285314	DQN
731	-92.1139155005028	-65.2065249361357	DQN
732	-82.6487395362803	-65.6938536341279	DQN
733	-89.4584166158795	-66.8256994123086	DQN
734	-94.09431864852	-67.5164227816467	DQN
735	-67.8681825447835	-66.7361383648829	DQN
736	-283.018382810522	-67.2758467205033	DQN
737	-98.2177983563916	-67.9855189413473	DQN
738	-96.2182152001761	-68.3353872916021	DQN
739	-56.982881779908	-68.5179487072294	DQN
740	-18.4416391313876	-68.834889654701	DQN
741	-77.4340217502838	-69.2930179654105	DQN
742	-106.294369650043	-70.0132278969238	DQN
743	-87.13223684787	-70.6002502679297	DQN
744	-42.1724806014937	-70.779225083638	DQN
745	-80.0746065988571	-71.0134622353633	DQN
746	-11.0438683378977	-71.1105751174693	DQN
747	-85.2468442470692	-71.6949851395845	DQN
748	-45.7715367599931	-71.9462766853169	DQN
749	-54.5007967639056	-71.8936597654327	DQN
750	-80.2470368401748	-72.6196442714396	DQN
751	-48.1503144178281	-73.1637006967353	DQN
752	-133.295703760237	-74.0640420718694	DQN
753	-112.657227646938	-75.1180278489718	DQN
754	-92.8634787242131	-75.6443538345891	DQN
755	-100.041354192111	-76.1069055078002	DQN
756	-120.065109749575	-76.9789001182018	DQN
757	-96.4464261653758	-78.0284177899144	DQN
758	-73.5343262453534	-78.3838688789	DQN
759	-117.307803438463	-79.2377448983648	DQN
760	-47.2919985035487	-79.5100829765999	DQN
761	-20.4018576134395	-79.0971742398024	DQN
762	-45.0243199675407	-78.59999973602	DQN
763	-80.4101378032234	-79.3130328253309	DQN
764	-77.2326082255278	-79.3433049265402	DQN
765	4.21830376804856	-78.7810258050635	DQN
766	-17.0392515016399	-78.3952848078123	DQN
767	-42.4926545896886	-78.6360687920842	DQN
768	-66.3929588030302	-79.2894867809702	DQN
769	-38.3632127198668	-79.0824946687011	DQN
770	-26.3143202384669	-79.0751495831508	DQN
771	-62.0600517840335	-76.717300321773	DQN
772	-79.4373223701373	-77.2245367111276	DQN
773	-94.3797542997105	-77.8629761366354	DQN
774	-81.6119321650914	-78.5840210072497	DQN
775	-45.7760065586126	-78.5352505011912	DQN
776	-60.7691239279325	-78.2487775978156	DQN
777	-32.8644075719345	-77.873649701288	DQN
778	-31.9928296512883	-77.8399318501518	DQN
779	-80.4737726938553	-78.2024762607352	DQN
780	-42.138852783339	-78.0738200275495	DQN
781	-88.1787169225878	-78.7941665019066	DQN
782	-33.4206145352229	-78.1031249516804	DQN
783	-89.6642927438087	-78.658534972574	DQN
784	-76.6664357325925	-77.5324204368307	DQN
785	-89.5999944819315	-78.3677167154539	DQN
786	-2.33408337427054	-78.3704734051108	DQN
787	-51.4153492462208	-77.9895590864086	DQN
788	-12.5911821585199	-77.5764486360023	DQN
789	-128.008515207527	-75.7106389076128	DQN
790	-87.5001438532791	-75.6638404238743	DQN
791	-59.0826964166525	-75.5315791607927	DQN
792	-65.6175510764789	-74.7727829210617	DQN
793	-44.5945634344466	-74.4692003692417	DQN
794	-51.570738961267	-73.1158340097721	DQN
795	-55.866574530276	-73.016936991225	DQN
796	-58.9019519086358	-73.2629247705654	DQN
797	-91.2139619944703	-74.4058092993093	DQN
798	-83.4525430483571	-75.2208305251938	DQN
799	4.17963659151036	-74.4165822005168	DQN
800	-63.1474455598341	-74.7205620215078	DQN
801	-38.5520929603359	-74.0967619497165	DQN
802	8.31531377895388	-72.9986725478245	DQN
803	-74.375848274831	-71.528481715934	DQN
804	-57.3227186663029	-71.5574474533863	DQN
805	-19.1217835820008	-71.092275430747	DQN
806	-54.0138475431054	-70.2385238195546	DQN
807	-35.0070896303889	-69.6137403606702	DQN
808	6.7040217196456	-67.335217528943	DQN
809	-44.0921589220075	-67.2886567261526	DQN
810	-59.8972174219318	-67.5931552859156	DQN
811	-79.0898857091498	-67.838853182212	DQN
812	-70.3459124596909	-67.8998160681525	DQN
813	-79.01079416397	-68.0513488211386	DQN
814	-70.238658469816	-66.5344276236477	DQN
815	-95.6457274931286	-66.8522452465297	DQN
816	-85.4685910963612	-66.3062364693441	DQN
817	-190.01762025575	-67.9289134766022	DQN
818	-89.4476432802405	-68.5586789287225	DQN
819	-74.4744943154164	-68.7523443575538	DQN
820	-163.512744080521	-70.4800746229212	DQN
821	-241.305190833388	-71.7109752269018	DQN
822	-103.253313065063	-71.8800021309583	DQN
823	-105.79275724814	-72.1378326821879	DQN
824	-23.0234299855057	-71.2727820352583	DQN
825	-8.41204970139249	-70.9371916381028	DQN
826	-66.6982219214564	-70.4053601387896	DQN
827	-60.2516426938163	-70.3609236141681	DQN
828	-61.4456239972167	-70.0488944923406	DQN
829	-45.3844905466553	-70.1299281867763	DQN
830	-56.6855190616194	-69.7710655334137	DQN
831	-81.2048271692852	-69.6619746501015	DQN
832	-48.6691885860607	-69.3221791405993	DQN
833	-66.2825876600455	-69.0904208510409	DQN
834	-57.7205064452979	-68.7266827290087	DQN
835	-72.0117461086599	-68.7681183646475	DQN
836	-86.3531972494159	-66.8014665090364	DQN
837	-94.6720710303093	-66.7660092357756	DQN
838	-8.20990516578863	-65.8859261354317	DQN
839	-64.7498340678192	-65.9635956583108	DQN
840	-62.165303444132	-66.4008323014383	DQN
841	-103.207797175726	-66.6585700556927	DQN
842	-29.321689079612	-65.8888432499884	DQN
843	-87.4472698730927	-65.8919935802406	DQN
844	-90.1671927450561	-66.3719407016762	DQN
845	-53.7761426389569	-66.1089560620772	DQN
846	-85.0148539578952	-66.8486659182772	DQN
847	-61.3769436833088	-66.6099669126396	DQN
848	-74.2815460746393	-66.8950670057861	DQN
849	-61.8366512626803	-66.9684255507738	DQN
850	-105.085951218888	-67.216814694561	DQN
851	-53.7343365912976	-67.2726549162956	DQN
852	-99.3472011820363	-66.9331698905136	DQN
853	-71.1853245531538	-66.5184508595758	DQN
854	-42.1027533129742	-66.0108436054634	DQN
855	-11.6366794425189	-65.1267968579675	DQN
856	-47.9493968251962	-64.4056397287237	DQN
857	-71.5669247135092	-64.1568447142051	DQN
858	-73.1623509826793	-64.1531249615783	DQN
859	-96.1707492569936	-63.9417544197636	DQN
860	0.701312205455971	-63.4618213126736	DQN
861	-7.0726294690838	-63.32852903123	DQN
862	-31.9624747121945	-63.1979105786765	DQN
863	-116.262016518172	-63.556429365826	DQN
864	-49.6136577578274	-63.280239861149	DQN
865	-98.3996213380174	-64.3064191122097	DQN
866	-52.9601799571116	-64.6656283967644	DQN
867	-108.548550349096	-65.3261873543585	DQN
868	-181.78445478084	-66.4801023141366	DQN
869	-86.211083123342	-66.9585810181713	DQN
870	9.37007056299468	-66.6017371101567	DQN
871	-16.4514035180686	-66.1456506274971	DQN
872	-15.3494272529636	-65.5047716763253	DQN
873	-174.33330367004	-66.3043071700286	DQN
874	-139.415086423289	-66.8823387126106	DQN
875	-86.2239455322406	-67.2868181023469	DQN
876	-85.2239559703215	-67.5313664227707	DQN
877	-122.127003937712	-68.4239923864285	DQN
878	-57.5992312455283	-68.6800564023709	DQN
879	-65.4739877814906	-68.5300585532473	DQN
880	-72.2914934601323	-68.8315849600152	DQN
881	-61.1096441414245	-68.5608942322036	DQN
882	114.9326242463	-67.0773618443883	DQN
883	-0.608970817536175	-66.1868086251256	DQN
884	-107.291221449852	-66.4930564822982	DQN
885	-117.503542744278	-66.7720919649217	DQN
886	-168.343271748427	-68.4321838486632	DQN
887	-101.172141680033	-68.9297517730014	DQN
888	-33.3419101736715	-69.1372590531529	DQN
889	1.586006867197	-67.8413138324056	DQN
890	-106.010352216055	-68.0264159160334	DQN
891	-49.1553184634635	-67.9271421365015	DQN
892	-92.4066478959665	-68.1950331046964	DQN
893	0.909235771566212	-67.7399951126363	DQN
894	-105.921598519364	-68.2835037082172	DQN
895	-64.0833395545486	-68.3656713584599	DQN
896	-59.0565790739276	-68.3672176301129	DQN
897	-124.400658425364	-68.6990845944218	DQN
898	-18.5159070564762	-68.049718234503	DQN
899	-58.3762623281076	-68.6752772236992	DQN
900	-79.522744104246	-68.8390302091433	DQN
901	-127.174708273811	-69.725256362278	DQN
902	-135.803529112486	-71.1664447911924	DQN
903	-190.988071521481	-72.3325670236589	DQN
904	-13.4323504887459	-71.8936633418834	DQN
905	-74.5263440914714	-72.4477089469781	DQN
906	-7.31218533001661	-71.9806923248472	DQN
907	-127.74389032788	-72.9080603318221	DQN
908	-125.184631079904	-74.2269468598176	DQN
909	-18.0398342847806	-73.9664236134453	DQN
910	-132.519498963205	-74.6926464288581	DQN
911	3.88320664913433	-73.8629155052752	DQN
912	-78.1617397945269	-73.9410737786236	DQN
913	-113.288517626312	-74.283851013247	DQN
914	-186.843345646278	-75.4498978850116	DQN
915	-95.6122225001553	-75.4495628350819	DQN
916	-236.899739539281	-76.9638743195111	DQN
917	-65.0402360657306	-75.7141004776109	DQN
918	-66.4136455602082	-75.4837605004106	DQN
919	-83.773338753236	-75.5767489447888	DQN
920	-86.6701433708239	-74.8083229376918	DQN
921	-94.2493057511926	-73.3377640868698	DQN
922	-201.080719047013	-74.3160381466893	DQN
923	2.4967148895453	-73.2331434253125	DQN
924	-108.76831661873	-74.0905922916447	DQN
925	-66.6006997217743	-74.6724787918485	DQN
926	-40.6780411612406	-74.4122769842464	DQN
927	-51.1533162522118	-74.3212937198303	DQN
928	-106.643145313484	-74.773268932993	DQN
929	-92.9127982154781	-75.2485520096812	DQN
930	-65.1602081774129	-75.3332989008392	DQN
931	-120.794228341714	-75.7291929125635	DQN
932	-47.833712276004	-75.7208381494629	DQN
933	-102.931766984786	-76.0873299427103	DQN
934	-60.4843661807859	-76.1149685400652	DQN
935	-69.1414071553008	-76.0862651505316	DQN
936	-17.2974790417977	-75.3957079684554	DQN
937	-4.21172355444972	-74.4911044936968	DQN
938	-59.6519271965867	-75.0055247140048	DQN
939	-33.8365275105049	-74.6963916484316	DQN
940	-167.256063519249	-75.7472992491828	DQN
941	-59.2678301447357	-75.3078995788729	DQN
942	-78.4891671982886	-75.7995743600597	DQN
943	-201.158542175489	-76.9366870830836	DQN
944	-105.981466152132	-77.0948298171544	DQN
945	216.727277884026	-74.3897956119246	DQN
946	-95.4840100245771	-74.4944871725914	DQN
947	211.9500358565	-71.7612173771933	DQN
948	-43.2861256198703	-71.4512631726456	DQN
949	-75.899961672619	-71.591896276745	DQN
950	-65.7216468604269	-71.1982532331604	DQN
951	-25.7966885920321	-70.9188767531677	DQN
952	-32.5826709891128	-70.2512314512385	DQN
953	18.771810383286	-69.3516601018741	DQN
954	28.9020376164891	-68.6416121925795	DQN
955	-61.9796255353068	-69.1450416535073	DQN
956	-58.3962657192347	-69.2495103424477	DQN
957	-53.792111475786	-69.0717622100705	DQN
958	16.4144428148768	-68.1759942720949	DQN
959	-58.6090417423262	-67.8003771969483	DQN
960	-94.0241504758795	-68.7476318237616	DQN
961	-90.4990802102027	-69.5818963311728	DQN
962	1.58165560798217	-69.246455027971	DQN
963	23.8327466827047	-67.8455073959623	DQN
964	-19.123760703252	-67.5406084254165	DQN
965	-30.1622037205895	-66.8582342492422	DQN
966	188.555791458578	-64.4430745350853	DQN
967	0.084177092111289	-63.3567472606733	DQN
968	-23.4115955725954	-61.7730186685908	DQN
969	-23.3636434758702	-61.1445442721161	DQN
970	-14.464351239452	-61.3828884901406	DQN
971	-38.8000160110449	-61.6063746150703	DQN
972	-47.3665522007756	-61.9265458645485	DQN
973	-49.9320167752342	-60.6825329956004	DQN
974	33.0594138783273	-58.9577879925842	DQN
975	46.5602897528397	-57.6299456397334	DQN
976	24.7307059277775	-56.5303990207524	DQN
977	-22.9725963046574	-55.5388549444219	DQN
978	-5.35982614027379	-55.0164608933694	DQN
979	-24.3534236737559	-54.605255252292	DQN
980	4.95896724226561	-53.832750645268	DQN
981	-42.1785820925796	-53.6434400247796	DQN
982	-74.1154404957109	-55.5339206721997	DQN
983	-89.0534749517122	-56.4183657135415	DQN
984	-12.7274542014029	-55.4727280410569	DQN
985	15.6837809949147	-54.140854803665	DQN
986	-27.1867452085857	-52.7292895382666	DQN
987	12.183129035419	-51.5957368311121	DQN
988	-23.9571938564844	-51.5018896679402	DQN
989	-2.68850688812849	-51.5446348054935	DQN
990	-26.4908456656891	-50.7494397399898	DQN
991	17.1508108556643	-50.0863784467985	DQN
992	-6.58360169281118	-49.228147984767	DQN
993	4.30494061202442	-49.1941909363624	DQN
994	0.197568396608074	-48.1329992672027	DQN
995	-46.3236421026781	-47.955402292684	DQN
996	11.8704308127865	-47.2461321938168	DQN
997	1.00321413348347	-45.9920934682284	DQN
998	24.5928864959195	-45.5610055327044	DQN
999	-35.4396052780661	-45.331638962204	DQN
1000	169.042305495969	-42.8459884662018	DQN
